Name,Market Value,P/Q-2 Earnings Date,P/Q-2 % Variance,10 Before,10 Since ,20 Since ,30 Since 
Apple Inc.,"1,216,252.00",10/31/2019,0.0700,0.0187,0.0353,0.0022,0.0200
Microsoft Corporation,"1,208,069.00",10/24/2019,0.1100,-0.0368,0.0049,0.0294,0.0004
"Amazon.com, Inc.","888,591.60",10/25/2019,-0.0800,0.0109,-0.0104,-0.0290,-0.0072
Alphabet Inc. Class A,"836,412.70",10/29/2019,-0.1800,0.0336,0.0099,-0.0043,0.0227
"Facebook, Inc. Class A","485,374.80",10/31/2019,0.1100,-0.0261,-0.0127,0.0286,-0.0469
Berkshire Hathaway Inc. Class B,"474,509.40",11/4/2019,0.1200,0.0064,-0.0088,0.0021,0.0088
Visa Inc. Class A,"377,739.10",10/25/2019,0.0300,-0.0170,-0.0180,-0.0037,0.0098
Johnson & Johnson,"354,035.70",10/15/2019,0.0500,0.0131,-0.0425,-0.0019,0.0279
Walmart Inc.,"323,721.70",11/14/2019,0.0700,0.0081,-0.0283,0.0005,-0.0192
JPMorgan Chase & Co.,"319,416.90",10/15/2019,0.0900,-0.0078,0.0394,0.0025,0.0030
Procter & Gamble Company,"281,690.50",10/22/2019,0.1000,-0.0542,-0.0537,0.0052,0.0271
Mastercard Incorporated Class A,"271,389.40",10/29/2019,0.0700,-0.0265,-0.0087,0.0277,0.0012
UnitedHealth Group Incorporated,"258,049.80",10/15/2019,0.0400,0.0178,0.0429,-0.0074,0.0860
AT&T Inc.,"247,249.30",10/28/2019,0.0100,-0.0358,0.0062,-0.0699,0.0210
Intel Corporation,"232,797.10",10/25/2019,0.1500,-0.0024,0.0077,-0.0179,-0.0281
"Home Depot, Inc.","224,351.20",11/19/2019,0.0000,0.0016,-0.0506,-0.0079,-0.0046
Verizon Communications Inc.,"224,039.70",10/25/2019,0.0100,-0.0118,-0.0412,0.0002,0.0117
Bank of America Corp,"210,881.30",10/16/2019,0.0400,0.0261,0.0288,0.0207,-0.0014
Coca-Cola Company,"208,101.20",10/18/2019,0.0000,-0.0314,-0.0435,-0.0413,0.0210
"Merck & Co., Inc.","194,658.70",10/29/2019,0.2200,-0.0542,-0.0306,0.0218,0.0177
Walt Disney Company,"185,093.60",11/8/2019,0.1300,-0.0053,0.0683,-0.0234,-0.0338
Pfizer Inc.,"181,463.30",10/29/2019,0.2100,0.0022,-0.0515,0.0193,-0.0029
Comcast Corporation Class A,"179,070.80",10/24/2019,0.0700,0.0006,-0.0291,-0.0144,-0.0175
"PepsiCo, Inc.","177,097.50",10/3/2019,0.0400,0.0318,-0.0375,-0.0120,-0.0485
Adobe Inc.,"162,136.40",12/13/2019,0.0100,-0.0153,0.0209,0.0298,0.0229
Exxon Mobil Corporation,"161,331.10",11/1/2019,0.0200,-0.0219,-0.0243,-0.0106,-0.0021
"Cisco Systems, Inc.","159,626.70",11/14/2019,0.0400,0.0026,-0.0065,-0.0098,0.0387
Chevron Corporation,"156,773.30",11/1/2019,0.0500,-0.0067,0.0197,-0.0313,-0.0033
Oracle Corporation,"153,742.60",12/13/2019,0.0200,-0.0077,-0.0451,0.0215,-0.0281
"Netflix, Inc.","147,568.60",10/17/2019,0.4200,0.0322,-0.0338,-0.0128,0.0711
NVIDIA Corporation,"147,394.10",11/15/2019,0.1200,0.0231,0.0253,0.0508,0.0377
Abbott Laboratories,"143,984.30",10/16/2019,0.0000,-0.0175,0.0080,-0.0138,-0.0064
Costco Wholesale Corporation,"133,476.40",12/13/2019,0.0100,-0.0166,-0.0006,-0.0042,0.0353
Eli Lilly and Company,"133,291.00",10/23/2019,0.0500,-0.0116,0.0357,-0.0050,0.0410
"salesforce.com, inc.","132,263.10",12/4/2019,0.1300,0.0005,0.0062,0.0202,0.0671
McDonald's Corporation,"132,041.00",10/22/2019,-0.0400,-0.0333,-0.0624,-0.0094,0.0060
PayPal Holdings Inc,"129,201.00",10/24/2019,0.1700,-0.0621,-0.0683,0.0139,0.0026
Wells Fargo & Company,"126,645.50",10/15/2019,-0.2600,-0.0204,0.0266,0.0202,-0.0240
"AbbVie, Inc.","126,275.60",11/1/2019,0.0100,0.0452,0.0657,-0.0176,0.0024
Bristol-Myers Squibb Company,"124,140.50",10/31/2019,0.0900,0.0848,-0.0006,-0.0422,0.1113
Philip Morris International Inc.,"123,695.00",10/17/2019,0.0500,-0.0049,0.0064,0.0065,-0.0239
Thermo Fisher Scientific Inc.,"119,696.30",10/23/2019,0.0200,-0.0030,-0.0320,0.0314,0.0242
Amgen Inc.,"119,200.00",10/30/2019,0.0400,0.0067,0.0254,0.0471,0.0010
Medtronic Plc,"119,033.50",11/19/2019,0.0200,0.0231,0.0093,-0.0095,-0.0081
"NIKE, Inc. Class B","117,705.00",9/25/2019,0.2300,0.0116,0.0402,-0.0317,-0.0548
"NextEra Energy, Inc.","108,335.30",10/22/2019,0.0500,-0.0225,-0.0655,0.0085,0.0084
Citigroup Inc.,"107,092.50",10/15/2019,0.0600,0.0196,0.0118,0.0080,-0.0112
American Tower Corporation,"105,851.50",10/31/2019,0.1800,-0.0405,-0.0493,-0.0048,-0.0166
Accenture Plc Class A,"105,741.10",9/26/2019,0.0100,0.0061,-0.0305,-0.0180,-0.0039
Honeywell International Inc.,"105,675.80",10/17/2019,0.0300,-0.0201,0.0176,0.0196,-0.0215
Union Pacific Corporation,"99,294.10",10/17/2019,-0.0400,0.0384,-0.0027,0.0358,-0.0084
Texas Instruments Incorporated,"99,008.00",10/23/2019,0.0500,-0.0076,-0.0122,-0.0463,0.0348
Danaher Corporation,"98,441.00",10/24/2019,0.0100,-0.0204,-0.0402,0.0578,0.0204
International Business Machines Corporation,"95,903.60",10/17/2019,0.0100,-0.0329,-0.0175,-0.0185,-0.0120
Boeing Company,"95,848.50",10/23/2019,-0.3100,-0.1355,0.0161,0.0353,-0.0720
"Charter Communications, Inc. Class A","95,369.00",10/25/2019,0.0400,-0.0052,-0.0080,-0.0092,-0.0090
Linde plc,"94,067.50",11/12/2019,0.0900,0.0114,-0.0195,0.0014,0.0075
Broadcom Inc.,"93,561.20",12/13/2019,0.0000,0.0242,-0.0181,-0.0367,0.0328
Lockheed Martin Corporation,"92,641.70",10/22/2019,0.1300,-0.0489,-0.0270,0.0300,-0.0144
United Technologies Corporation,"91,203.60",10/22/2019,0.0900,0.0191,0.0187,-0.0124,-0.0244
"Gilead Sciences, Inc.","89,402.30",10/25/2019,0.0100,0.0190,0.0082,-0.0084,0.0162
QUALCOMM Incorporated,"86,654.10",11/7/2019,0.1000,0.0716,-0.0609,-0.0300,0.0414
Starbucks Corporation,"82,065.10",10/31/2019,0.0000,-0.0483,-0.0226,-0.0029,0.0283
3M Company,"81,551.00",10/24/2019,0.0400,0.0881,0.0520,-0.0605,0.0235
"United Parcel Service, Inc. Class B","80,895.30",10/22/2019,0.0100,0.0019,0.0187,-0.0230,-0.0323
American Express Company,"80,480.90",10/18/2019,0.0200,0.0277,-0.0070,-0.0049,-0.0285
"Fidelity National Information Services, Inc.","80,060.20",11/5/2019,0.0600,-0.0078,0.0254,-0.0124,-0.0116
CVS Health Corporation,"77,780.10",11/6/2019,0.0400,-0.0154,0.0443,-0.0099,-0.0336
Altria Group Inc,"74,464.80",10/31/2019,0.0400,0.0371,0.0206,0.0505,-0.0003
"Lowe's Companies, Inc.","73,957.20",11/20/2019,0.0400,-0.0053,-0.0231,0.0116,-0.0074
"T-Mobile US, Inc.","73,173.50",10/29/2019,0.0500,0.0230,-0.0722,-0.0033,-0.0499
"Mondelez International, Inc. Class A","72,965.50",10/30/2019,0.0600,-0.0369,-0.0034,-0.0201,-0.0005
"Fiserv, Inc.","70,232.40",11/7/2019,0.0300,0.0136,0.0336,-0.0112,0.0004
General Electric Company,"68,610.80",10/30/2019,0.2600,0.0058,0.1004,-0.0206,0.0081
"Anthem, Inc.","68,214.90",10/23/2019,0.0100,0.0687,0.0283,0.0435,-0.0259
Intuit Inc.,"68,052.80",11/22/2019,0.5800,0.0387,-0.0249,0.0177,0.0147
Cigna Corporation,"66,919.40",10/31/2019,0.0400,0.0735,0.0425,0.0385,-0.0598
Dominion Energy Inc,"65,607.10",11/1/2019,0.0400,-0.0115,-0.0324,-0.0009,-0.0296
CME Group Inc. Class A,"65,233.30",10/30/2019,0.0800,-0.0689,-0.0180,-0.0384,0.0055
Crown Castle International Corp,"64,633.10",10/17/2019,0.1900,-0.0492,-0.0192,-0.0574,-0.0155
"Becton, Dickinson and Company","64,132.40",11/5/2019,0.0000,0.0014,-0.0196,0.0481,0.0126
"BlackRock, Inc.","64,064.70",10/15/2019,0.0300,-0.0229,0.0344,0.0252,-0.0080
Duke Energy Corporation,"62,869.40",11/8/2019,0.0700,-0.0623,-0.0378,0.0152,-0.0136
TJX Companies Inc,"62,537.30",11/19/2019,0.0300,0.0002,-0.0110,-0.0157,0.0034
"Automatic Data Processing, Inc.","62,388.50",10/30/2019,0.0100,-0.0223,0.0131,-0.0058,-0.0304
Estee Lauder Companies Inc. Class A,"61,920.00",10/31/2019,0.0500,-0.0165,0.0076,0.0054,0.0300
Stryker Corporation,"61,542.70",10/30/2019,0.0000,0.0115,-0.0871,-0.0047,-0.0305
"Goldman Sachs Group, Inc.","61,242.90",10/15/2019,-0.0100,-0.0040,0.0397,-0.0064,-0.0072
Allergan plc,"60,487.00",11/5/2019,0.0100,-0.0011,0.0222,0.0093,-0.0064
"S&P Global, Inc.","60,486.80",10/29/2019,0.0500,-0.0359,-0.0233,0.0297,0.0186
"Zoetis, Inc. Class A","59,594.70",11/7/2019,0.0600,-0.0268,-0.0135,-0.0023,0.0714
Colgate-Palmolive Company,"59,082.60",11/1/2019,0.0100,-0.0059,-0.0250,0.0186,-0.0060
Booking Holdings Inc.,"58,362.40",11/8/2019,0.0200,-0.1208,-0.0074,0.0057,0.0429
"Prologis, Inc.","57,489.00",10/15/2019,0.3500,0.0150,-0.0421,-0.0193,0.0494
Morgan Stanley,"57,464.90",10/17/2019,0.0900,0.0277,0.0466,0.0351,0.0025
Vertex Pharmaceuticals Incorporated,"57,262.20",10/31/2019,0.0700,0.1125,0.0282,0.0663,-0.0221
Southern Company,"56,896.70",10/30/2019,0.1700,-0.0109,-0.0278,-0.0142,-0.0309
U.S. Bancorp,"56,438.80",10/16/2019,0.0400,-0.0196,0.0275,0.0098,0.0063
Chubb Limited,"55,227.20",10/30/2019,0.0300,-0.0569,-0.0232,-0.0222,0.0053
Caterpillar Inc.,"54,810.30",10/23/2019,-0.0800,0.0969,0.0509,-0.0392,-0.0073
"Intuitive Surgical, Inc.","54,626.10",10/18/2019,0.1500,-0.0106,-0.0396,-0.0003,0.0318
"ServiceNow, Inc.","54,599.80",10/24/2019,0.1100,-0.1899,-0.0129,0.1519,-0.0402
Biogen Inc.,"53,126.10",10/22/2019,0.1000,-0.0389,0.0098,-0.0391,0.0158
"Equinix, Inc.","53,068.40",10/31/2019,-0.1500,-0.0135,-0.0594,0.0253,-0.0361
Northrop Grumman Corporation,"52,721.80",10/24/2019,0.1500,-0.0688,-0.0638,0.0072,-0.0248
Ecolab Inc.,"51,890.10",10/29/2019,0.0000,-0.0373,-0.0510,-0.0275,-0.0071
Global Payments Inc.,"51,832.50",10/31/2019,0.0200,-0.0146,0.0287,0.0049,-0.0216
"Advanced Micro Devices, Inc.","51,348.10",10/30/2019,-0.0200,0.0607,0.1162,0.0297,0.0755
"Regeneron Pharmaceuticals, Inc.","51,219.80",11/5/2019,0.0400,0.0192,0.0197,0.0756,-0.0223
Target Corporation,"50,607.20",11/20/2019,0.1400,-0.0088,-0.0179,0.0038,-0.0483
Illinois Tool Works Inc.,"49,886.30",10/25/2019,0.0500,0.0439,0.0024,-0.0227,-0.0044
"Marsh & McLennan Companies, Inc.","49,704.50",10/29/2019,0.1000,-0.0171,0.0011,0.0223,0.0062
"Micron Technology, Inc.","47,756.50",9/27/2019,0.0900,-0.0222,0.0408,0.0470,-0.0418
"Applied Materials, Inc.","46,732.50",11/15/2019,0.0500,0.0293,-0.0859,0.0323,0.0106
"Intercontinental Exchange, Inc.","46,002.80",10/31/2019,0.1100,-0.0237,-0.0327,-0.0046,-0.0336
"PNC Financial Services Group, Inc.","45,865.20",10/16/2019,0.0500,0.0148,0.0252,0.0045,-0.0043
Sherwin-Williams Company,"45,840.50",10/22/2019,0.0300,-0.0215,-0.0303,0.0182,-0.0206
Kimberly-Clark Corporation,"45,817.10",10/22/2019,0.0200,-0.0305,-0.0192,0.0038,0.0357
Progressive Corporation,"45,690.80",10/16/2019,0.0200,-0.0319,-0.0671,0.0167,-0.0001
"Air Products and Chemicals, Inc.","45,539.10",11/7/2019,-0.0100,0.0178,0.0374,-0.0384,-0.0058
Truist Financial Corporation,"45,425.90",10/17/2019,-0.0600,0.0017,-0.0019,0.0087,-0.0132
"Activision Blizzard, Inc.","45,414.90",11/8/2019,0.3100,-0.0421,-0.0297,0.0161,0.0594
Boston Scientific Corporation,"45,139.00",10/23/2019,0.0200,-0.0281,-0.0084,0.0345,0.0112
CSX Corporation,"44,835.50",10/17/2019,0.0700,0.0053,-0.0065,0.0018,-0.0196
"Waste Management, Inc.","44,730.40",10/23/2019,0.0400,-0.0176,-0.0544,0.0121,-0.0138
Deere & Company,"43,580.60",11/27/2019,0.0000,-0.0150,0.0229,-0.0066,-0.0219
Charles Schwab Corporation,"43,564.10",10/15/2019,0.0900,-0.0955,0.0162,0.0424,0.1160
"American Electric Power Company, Inc.","42,788.20",10/24/2019,0.1100,-0.0128,-0.0927,0.0126,-0.0003
Raytheon Company,"41,724.40",10/24/2019,0.0800,0.0083,-0.0081,-0.0030,-0.0083
Humana Inc.,"41,475.00",11/6/2019,0.1000,-0.0108,0.0957,0.0180,0.0306
Baxter International Inc.,"41,349.90",7/25/2019,0.0900,0.0126,0.0281,0.0214,0.0100
Aon plc,"41,046.30",10/25/2019,0.0100,-0.0113,0.0070,0.0192,0.0203
Walgreens Boots Alliance Inc,"40,918.00",10/28/2019,0.0100,0.0085,0.0989,-0.0417,-0.0378
General Dynamics Corporation,"40,443.50",10/23/2019,0.0200,-0.0172,0.0221,0.0033,-0.0147
Moody's Corporation,"39,888.40",10/30/2019,0.0800,-0.0067,-0.0140,0.0150,0.0292
Edwards Lifesciences Corporation,"38,792.30",10/24/2019,0.1600,-0.0279,0.0015,0.0260,-0.0308
L3Harris Technologies Inc,"38,527.30",10/30/2019,#N/A,-0.0268,-0.0576,-0.0143,-0.0263
Lam Research Corporation,"38,101.70",10/24/2019,0.0600,-0.0293,0.0060,-0.0440,0.0078
Norfolk Southern Corporation,"37,867.00",10/23/2019,0.0000,0.0969,0.0197,-0.0279,-0.0144
Las Vegas Sands Corp.,"37,428.20",10/24/2019,0.0100,0.0637,0.0173,-0.0610,0.0481
Centene Corporation,"37,300.90",10/22/2019,0.0100,0.0209,0.0366,0.1297,0.0114
Dollar General Corporation,"37,123.20",12/5/2019,0.0300,-0.0293,-0.0162,-0.0242,-0.0043
Public Storage,"36,933.60",10/30/2019,0.0100,-0.0482,-0.0682,-0.0186,-0.0423
"Analog Devices, Inc.","36,744.70",11/26/2019,-0.0200,-0.0129,0.0073,0.0064,-0.0183
Exelon Corporation,"35,426.30",10/31/2019,0.0400,0.0197,-0.0394,-0.0205,-0.0226
Eaton Corp. Plc,"35,370.50",10/29/2019,0.0100,0.0538,0.0190,-0.0127,0.0064
General Motors Company,"35,310.60",10/29/2019,0.3200,0.0073,-0.0092,-0.0859,-0.0197
HCA Healthcare Inc,"35,295.60",10/29/2019,0.0500,0.0375,-0.0180,0.0114,0.0251
Xcel Energy Inc.,"35,068.90",10/24/2019,-0.0200,-0.0214,-0.0912,0.0159,-0.0100
"Autodesk, Inc.","34,771.80",11/27/2019,0.0800,0.0642,-0.0179,0.0240,0.0224
"Illumina, Inc.","34,299.50",10/25/2019,0.3800,0.0338,-0.0149,0.0692,0.0254
ConocoPhillips,"33,925.90",10/29/2019,0.1400,-0.0329,0.0009,0.0158,0.0250
Monster Beverage Corporation,"33,496.90",11/8/2019,0.0200,-0.0255,0.0015,0.0223,0.0241
Kinder Morgan Inc Class P,"33,477.60",10/17/2019,-0.0700,-0.0433,-0.0180,-0.0085,-0.0455
Capital One Financial Corporation,"33,318.50",10/25/2019,0.1300,0.0326,0.0187,0.0021,0.0325
"Ross Stores, Inc.","33,315.00",11/22/2019,0.0600,-0.0181,0.0224,-0.0309,0.0333
"Roper Technologies, Inc.","33,267.50",10/24/2019,0.0300,-0.0398,-0.0019,0.0334,-0.0369
"General Mills, Inc.","32,345.60",9/18/2019,0.0200,-0.0216,0.0136,-0.0408,-0.0561
Newmont Corporation,"31,907.60",11/5/2019,-0.0800,-0.0001,0.0053,0.0218,0.0212
"Simon Property Group, Inc.","31,743.50",10/30/2019,0.0100,0.0122,0.0046,-0.0409,-0.0529
SBA Communications Corp. Class A,"31,551.70",10/29/2019,-0.4500,-0.0180,-0.0706,0.0308,-0.0067
WEC Energy Group Inc,"31,360.60",11/6/2019,0.0300,-0.0514,-0.0450,0.0102,0.0021
Sempra Energy,"31,250.20",11/1/2019,0.0200,-0.0166,-0.0263,0.0024,0.0037
"Marriott International, Inc. Class A","30,998.20",11/5/2019,-0.0100,0.0336,-0.0026,0.0295,0.0478
Emerson Electric Co.,"30,794.00",11/5/2019,-0.0100,0.0300,-0.0229,0.0045,0.0085
Bank of New York Mellon Corporation,"30,206.80",10/16/2019,0.0800,-0.0048,0.0298,0.0208,-0.0080
"Digital Realty Trust, Inc.","29,963.70",10/30/2019,-0.1700,-0.0083,-0.1189,0.0230,-0.0591
Allstate Corporation,"29,400.10",10/30/2019,0.1000,-0.0131,0.0372,-0.0075,-0.0201
"Consolidated Edison, Inc.","29,395.60",11/5/2019,-0.0200,-0.0544,-0.0323,0.0004,-0.0005
Hershey Company,"29,331.40",10/24/2019,0.0000,-0.0728,-0.0605,0.0302,0.0036
Kraft Heinz Company,"29,277.00",10/31/2019,0.3000,0.0194,-0.0629,-0.0302,0.0265
"MetLife, Inc.","29,242.40",10/31/2019,-0.0900,-0.0121,0.0331,-0.0030,-0.0002
Eversource Energy,"29,210.70",11/6/2019,0.0300,-0.0825,0.0017,-0.0081,-0.0087
Cognizant Technology Solutions Corporation Class A,"28,869.30",10/31/2019,0.0300,-0.0437,0.0151,0.0005,-0.0481
Electronic Arts Inc.,"28,115.80",10/30/2019,0.1300,-0.0223,-0.0238,0.0293,0.0374
FedEx Corporation,"27,843.10",9/18/2019,-0.0300,0.0804,-0.0238,0.0351,0.0144
"DuPont de Nemours, Inc.","27,431.30",10/31/2019,0.0200,-0.0345,0.0415,-0.0895,-0.0097
"Travelers Companies, Inc.","27,403.10",10/22/2019,-0.3900,-0.0322,-0.0182,0.0160,-0.0006
Equity Residential,"27,381.30",10/23/2019,0.9100,-0.0262,-0.0498,0.0007,-0.0285
"AvalonBay Communities, Inc.","27,166.40",10/29/2019,0.6400,-0.0298,-0.0484,0.0152,-0.0175
"Republic Services, Inc.","27,114.00",10/31/2019,0.0800,0.0168,-0.0248,0.0021,-0.0039
eBay Inc.,"27,058.80",10/24/2019,0.0400,0.0061,-0.0465,-0.0053,-0.0171
"O'Reilly Automotive, Inc.","26,536.00",10/24/2019,0.0600,-0.0164,-0.0192,-0.0189,0.0096
"Motorola Solutions, Inc.","26,431.20",10/31/2019,0.0400,-0.0621,-0.0480,0.0190,-0.0502
"Paychex, Inc.","25,646.10",10/2/2019,0.0300,0.0175,-0.0191,-0.0204,-0.0295
"Constellation Brands, Inc. Class A","25,596.60",10/3/2019,0.0300,0.0407,-0.0149,-0.0488,-0.0598
T. Rowe Price Group,"25,334.30",10/24/2019,0.1200,-0.0266,0.0360,-0.0097,0.0174
Cintas Corporation,"25,271.70",9/25/2019,0.0800,0.0203,0.0099,-0.0123,-0.0359
Aflac Incorporated,"25,064.30",10/25/2019,0.0900,-0.0149,-0.0078,-0.0093,-0.0268
Johnson Controls International plc,"25,061.20",11/7/2019,0.0200,0.0198,-0.0082,-0.0181,-0.0393
"American International Group, Inc.","24,892.50",11/1/2019,-0.4400,-0.0339,-0.0153,-0.0416,-0.0206
Realty Income Corporation,"24,744.20",11/5/2019,-0.0800,-0.0220,-0.0216,-0.0223,-0.0771
Trane Technologies plc,"24,660.20",10/29/2019,0.0400,0.0337,-0.0060,-0.0079,0.0170
HP Inc.,"24,624.90",11/27/2019,0.0400,0.0107,0.0271,-0.0132,0.0295
"Delta Air Lines, Inc.","24,554.00",10/10/2019,0.0200,-0.0540,-0.0113,0.0459,-0.0475
Brown-Forman Corporation Class B,"24,410.70",12/5/2019,0.1300,0.0272,-0.0003,0.0239,0.0289
Kroger Co.,"24,199.50",12/5/2019,-0.0400,0.0302,0.0447,-0.0071,-0.0372
MSCI Inc. Class A,"24,034.60",10/31/2019,0.0500,-0.0053,0.0453,0.0214,-0.0061
Sysco Corporation,"23,935.50",11/4/2019,0.0100,-0.0004,-0.0165,0.0154,0.0026
Phillips 66,"23,888.30",10/25/2019,0.2000,0.0135,0.0218,-0.0322,-0.0494
"AutoZone, Inc.","23,787.00",12/10/2019,0.0400,-0.0050,-0.0491,-0.0775,-0.0110
Verisk Analytics Inc,"23,745.50",10/30/2019,-0.0100,-0.0527,-0.0713,0.0418,-0.0126
Amphenol Corporation Class A,"23,728.80",10/23/2019,0.0900,0.0271,-0.0113,-0.0185,0.0034
"Yum! Brands, Inc.","23,602.50",10/30/2019,-0.1600,-0.0287,-0.0643,0.0023,-0.0133
V.F. Corporation,"23,501.70",10/25/2019,-0.0400,0.0005,0.0104,-0.0130,0.0408
McKesson Corporation,"23,475.60",10/30/2019,0.0000,0.0668,0.0488,-0.0166,-0.0214
TE Connectivity Ltd.,"23,460.10",10/30/2019,0.0200,0.0117,0.0224,-0.0231,0.0059
"American Water Works Company, Inc.","23,217.30",10/31/2019,0.0300,-0.0247,-0.0645,0.0116,-0.0247
Willis Towers Watson Public Limited Company,"23,174.90",10/31/2019,0.0000,-0.0105,-0.0053,0.0199,0.0087
"Twitter, Inc.","22,941.00",10/24/2019,-0.1400,-0.0465,-0.0813,0.0187,-0.0014
IQVIA Holdings Inc,"22,889.30",10/30/2019,0.0200,0.0096,-0.0312,0.0069,-0.0203
Hormel Foods Corporation,"22,801.70",11/26/2019,0.0100,0.0111,0.0278,-0.0328,-0.0174
KLA Corporation,"22,790.00",10/31/2019,0.1300,0.0642,0.0242,-0.0875,0.0355
PACCAR Inc,"22,560.50",10/22/2019,0.0600,0.0542,0.0164,-0.0190,0.0067
Schlumberger NV,"22,432.70",10/18/2019,0.0700,-0.0355,0.0385,0.0083,0.0288
IHS Markit Ltd.,"22,375.20",9/24/2019,0.0700,-0.0055,0.0347,0.0041,-0.0382
Ford Motor Company,"22,323.20",10/24/2019,0.2800,0.0464,0.0077,-0.0270,0.0208
FirstEnergy Corp.,"22,299.00",11/4/2019,0.0400,-0.0278,-0.0408,0.0287,-0.0211
Public Service Enterprise Group Inc,"22,296.30",10/31/2019,0.0300,0.0042,-0.0633,-0.0367,-0.0224
TransDigm Group Incorporated,"22,265.50",11/19/2019,0.0600,0.0499,-0.0076,-0.0182,0.0095
"PPG Industries, Inc.","22,220.40",10/17/2019,0.0400,0.0039,0.0185,0.0165,-0.0224
Hilton Worldwide Holdings Inc,"21,815.70",10/23/2019,0.0300,-0.0360,0.0156,-0.0151,0.0529
Kellogg Company,"21,803.50",10/29/2019,0.1300,-0.0462,-0.0016,0.0073,0.0090
"IDEXX Laboratories, Inc.","21,688.30",10/31/2019,0.0900,-0.0397,-0.1175,-0.0378,-0.0043
ResMed Inc.,"21,653.50",10/25/2019,0.0600,-0.0453,-0.0272,0.0032,0.0186
"Agilent Technologies, Inc.","21,427.90",11/26/2019,0.0400,0.0281,0.0294,-0.0028,0.0165
"UDR, Inc.","21,373.60",10/30/2019,0.1200,-0.0015,-0.0693,-0.0135,-0.0396
Southwest Airlines Co.,"21,354.00",10/24/2019,0.1400,-0.0342,0.0086,-0.0351,-0.0263
"VeriSign, Inc.","21,260.30",10/25/2019,0.0400,-0.0233,-0.0578,0.0188,-0.0088
PPL Corporation,"21,053.50",11/5/2019,-0.0200,0.0005,-0.0160,0.0310,0.0147
"Welltower, Inc.","21,041.80",10/29/2019,2.2200,-0.0766,-0.0990,0.0111,-0.0412
"Prudential Financial, Inc.","21,009.20",11/5/2019,0.0500,0.0152,-0.0006,-0.0274,0.0236
Clorox Company,"20,988.00",10/3/2019,0.0200,0.0019,-0.0143,-0.0250,-0.0301
State Street Corporation,"20,856.60",10/18/2019,0.0800,0.0398,0.0424,0.0521,0.0396
Ball Corporation,"20,797.40",10/31/2019,-0.0200,-0.0002,-0.0810,-0.0105,-0.0508
Cummins Inc.,"20,563.00",10/29/2019,0.0000,0.0745,0.0203,-0.0113,-0.0169
Entergy Corporation,"20,557.90",10/30/2019,0.1000,0.0157,-0.0495,-0.0257,-0.0052
Valero Energy Corporation,"20,425.90",10/24/2019,0.1000,0.0736,0.0203,-0.0363,-0.0636
"EOG Resources, Inc.","20,255.50",11/7/2019,0.0000,-0.0313,-0.0258,-0.0061,0.0990
"ANSYS, Inc.","20,225.90",11/7/2019,0.1300,-0.0118,0.0872,0.0268,-0.0098
"Zimmer Biomet Holdings, Inc.","20,186.30",11/5/2019,0.0100,-0.0324,0.0142,0.0280,-0.0227
"FleetCor Technologies, Inc.","20,115.10",11/7/2019,0.0200,-0.0150,-0.0112,0.0275,-0.0754
Cerner Corporation,"20,098.20",10/25/2019,0.0000,-0.0147,-0.0111,0.0251,0.0194
Fortive Corp.,"20,094.10",10/25/2019,0.0000,0.0686,0.0418,-0.0365,0.0393
Fastenal Company,"19,581.20",10/11/2019,0.0400,-0.0177,0.0052,-0.0273,-0.0432
"Synopsys, Inc.","19,511.50",12/5/2019,0.0200,-0.0390,0.0293,0.0092,0.0580
Archer-Daniels-Midland Company,"19,325.20",10/31/2019,0.1200,0.0017,-0.0029,-0.0119,0.0433
"Rockwell Automation, Inc.","19,307.50",11/12/2019,0.0500,-0.0027,-0.0250,0.0343,-0.0224
Edison International,"19,306.90",10/30/2019,-0.0500,-0.0787,0.0794,0.0046,0.0180
"Williams Companies, Inc.","19,169.60",10/31/2019,-0.2800,-0.0157,-0.0366,0.0197,-0.0100
"Dow, Inc.","19,079.50",10/24/2019,0.2600,0.0436,0.1020,-0.0412,-0.0271
"Xilinx, Inc.","19,046.00",10/24/2019,-0.0100,0.0075,0.0055,-0.0650,0.0007
"Tyson Foods, Inc. Class A","18,800.50",11/12/2019,-0.0200,-0.0087,-0.0072,-0.0146,0.0047
Ameren Corporation,"18,750.60",11/8/2019,0.0100,-0.0629,0.0089,-0.0094,-0.0142
Corteva Inc,"18,600.20",10/31/2019,-0.1400,0.0035,-0.0205,-0.0290,0.0085
DTE Energy Company,"18,572.60",10/28/2019,-0.0300,-0.0309,-0.0562,0.0116,0.0063
AmerisourceBergen Corporation,"18,530.30",11/7/2019,0.0200,-0.0351,0.0435,-0.0156,-0.0477
"Essex Property Trust, Inc.","18,245.60",10/24/2019,0.0900,-0.0323,-0.0611,-0.0054,-0.0254
"Boston Properties, Inc.","18,158.60",10/30/2019,0.0000,0.0200,-0.0323,-0.0038,-0.0331
"Alexandria Real Estate Equities, Inc.","18,127.70",10/29/2019,-1.8800,0.0077,-0.0292,0.0256,-0.0145
Parker-Hannifin Corporation,"18,011.90",10/31/2019,0.0400,0.0568,0.0381,0.0080,0.0292
"McCormick & Company, Incorporated","17,937.70",10/1/2019,0.1300,-0.0012,-0.0549,-0.0057,-0.0271
"Alexion Pharmaceuticals, Inc.","17,809.50",10/23/2019,0.1300,0.0000,-0.0241,0.0059,-0.0142
CMS Energy Corporation,"17,711.40",10/24/2019,0.0900,-0.0498,-0.0949,0.0255,-0.0227
"Dollar Tree, Inc.","17,678.70",11/26/2019,-0.0400,0.0155,-0.0406,-0.0208,-0.0165
"Chipotle Mexican Grill, Inc.","17,503.80",10/23/2019,0.1900,-0.0051,-0.0797,0.0305,0.0524
"Cadence Design Systems, Inc.","17,502.10",10/22/2019,0.0600,-0.0060,0.0409,0.0032,-0.0358
Corning Inc,"17,410.70",10/29/2019,0.1100,0.0303,-0.0402,-0.0326,-0.0395
"Copart, Inc.","17,256.80",11/21/2019,0.1000,0.0254,-0.0065,0.0055,0.0230
Keysight Technologies Inc,"17,246.00",11/27/2019,0.1300,-0.0289,-0.0121,-0.0560,-0.0296
"AMETEK, Inc.","17,092.70",10/31/2019,0.0500,0.0120,0.0379,0.0053,-0.0141
Equifax Inc.,"17,059.10",10/24/2019,0.0200,-0.0306,-0.0536,0.0238,-0.0111
Aptiv PLC,"16,964.40",10/30/2019,0.0000,0.0120,-0.0242,0.0120,0.0067
Arthur J. Gallagher & Co.,"16,953.50",10/25/2019,0.0100,0.0184,-0.0053,-0.0001,0.0169
"Stanley Black & Decker, Inc.","16,802.60",10/24/2019,0.0500,0.0839,0.0629,-0.0341,0.0095
Microchip Technology Incorporated,"16,760.50",11/6/2019,0.0000,0.0111,-0.0587,0.0570,0.0301
First Republic Bank,"16,582.40",10/15/2019,0.0800,0.0077,0.0246,0.0019,-0.0254
Weyerhaeuser Company,"16,341.80",10/25/2019,-0.1900,0.0687,-0.0047,-0.0281,0.0041
Marathon Petroleum Corporation,"16,198.00",10/31/2019,0.2100,0.0366,-0.0127,-0.0745,-0.0431
Mettler-Toledo International Inc.,"16,178.90",11/8/2019,0.0200,0.0236,-0.0023,0.0540,0.0195
Incyte Corporation,"16,006.70",10/29/2019,0.3300,0.0061,0.0144,0.0720,0.0114
Discover Financial Services,"15,959.60",10/23/2019,0.0300,0.0432,0.0090,-0.0158,-0.0008
Northern Trust Corporation,"15,913.30",10/23/2019,0.0300,0.0783,0.0343,-0.0092,0.0104
"Nasdaq, Inc.","15,849.40",10/23/2019,0.0500,-0.0283,-0.0378,0.0459,-0.0138
"Best Buy Co., Inc.","15,801.00",11/26/2019,0.0900,-0.0425,0.0266,0.0209,0.0233
Fox Corporation Class A,"15,666.90",11/7/2019,0.1900,-0.0283,0.0150,-0.0227,0.0308
LyondellBasell Industries NV,"15,623.70",11/1/2019,-0.0600,0.0245,0.0072,-0.0344,-0.0144
"Church & Dwight Co., Inc.","15,555.20",10/31/2019,0.0800,0.0139,-0.0480,0.0173,-0.0131
"CBRE Group, Inc. Class A","15,527.60",11/6/2019,0.0100,0.0472,0.0336,0.0387,0.0052
"Cooper Companies, Inc.","15,521.30",12/6/2019,0.0100,0.0235,0.0201,0.0093,0.0842
Tiffany & Co.,"15,497.60",8/28/2019,0.0700,-0.0394,0.0914,-0.0456,-0.0182
"Align Technology, Inc.","15,426.10",10/24/2019,0.1300,0.1200,0.0120,0.0442,-0.0017
"Hartford Financial Services Group, Inc.","15,232.90",11/5/2019,0.2100,-0.0619,0.0132,-0.0202,-0.0243
Campbell Soup Company,"14,870.00",12/4/2019,0.0900,-0.0017,-0.0313,-0.0045,-0.0381
Synchrony Financial,"14,803.20",10/18/2019,0.0800,0.0231,0.0149,0.0182,0.0029
Teleflex Incorporated,"14,763.20",10/31/2019,0.0800,0.0010,-0.0350,0.0166,0.0089
Garmin Ltd.,"14,747.70",10/30/2019,0.3200,0.0042,-0.0211,0.0028,-0.0089
Cincinnati Financial Corporation,"14,736.10",10/25/2019,0.2200,-0.0326,-0.0508,-0.0337,-0.0046
Laboratory Corporation of America Holdings,"14,694.30",10/24/2019,0.0200,-0.0072,-0.0166,0.0167,-0.0032
M&T Bank Corporation,"14,654.40",10/17/2019,-0.0300,0.0254,0.0155,0.0215,-0.0054
"Healthpeak Properties, Inc.","14,586.20",10/31/2019,-2.7200,-0.0179,-0.1170,0.0108,-0.0850
Vulcan Materials Company,"14,533.00",11/6/2019,-0.0100,-0.0592,0.0071,0.0186,-0.0440
CDW Corp.,"14,462.80",10/31/2019,0.0800,0.0108,0.0179,0.0014,0.0106
"Mid-America Apartment Communities, Inc.","14,398.20",10/31/2019,-0.0900,0.0058,-0.0368,-0.0198,-0.0508
"D.R. Horton, Inc.","14,398.10",11/12/2019,0.0800,-0.0006,0.0042,0.0083,-0.0790
"W.W. Grainger, Inc.","14,273.60",10/23/2019,-0.0300,0.0948,0.0042,-0.0397,0.0150
"Fortinet, Inc.","14,256.60",11/1/2019,0.2000,0.0201,0.1081,0.0239,0.0067
"Old Dominion Freight Line, Inc.","14,180.50",10/24/2019,-0.0300,0.0768,0.0315,-0.0274,-0.0469
"Skyworks Solutions, Inc.","14,122.90",11/13/2019,0.0100,0.0947,-0.0356,0.1138,0.0788
"Ameriprise Financial, Inc.","13,968.50",10/24/2019,0.0400,0.0558,0.0282,-0.0048,0.0285
"Citrix Systems, Inc.","13,908.50",10/24/2019,0.2200,0.0437,-0.0043,0.0216,-0.0380
Lennar Corporation Class A,"13,901.40",10/2/2019,0.2100,0.0749,0.0220,-0.0353,-0.0309
"Cardinal Health, Inc.","13,894.80",11/7/2019,0.1600,0.0041,0.0302,-0.0203,-0.0746
"Akamai Technologies, Inc.","13,878.10",10/29/2019,0.1000,-0.0288,-0.0552,0.0304,-0.0557
Omnicom Group Inc,"13,643.20",10/15/2019,0.0100,-0.0373,0.0052,0.0055,-0.0142
"Arista Networks, Inc.","13,518.40",11/1/2019,0.1200,-0.0009,0.0210,0.0031,0.0033
"Evergy, Inc.","13,393.30",11/7/2019,0.0000,-0.0329,0.0236,-0.0405,-0.0020
"Paycom Software, Inc.","13,335.70",10/30/2019,0.0400,-0.0675,0.0476,0.2134,-0.0953
"Take-Two Interactive Software, Inc.","13,227.50",11/8/2019,0.1300,-0.0858,0.0150,-0.0045,-0.0062
Baker Hughes Company Class A,"13,123.80",10/30/2019,-0.1100,-0.0324,-0.0154,0.0214,0.0484
International Paper Company,"13,112.70",10/31/2019,0.1000,-0.0011,0.0214,0.0029,-0.0091
Dover Corporation,"13,097.80",10/17/2019,0.0600,-0.0175,0.0112,0.0259,0.0101
Extra Space Storage Inc.,"13,090.20",10/30/2019,0.0400,-0.0342,-0.0658,-0.0126,-0.0411
"Maxim Integrated Products, Inc.","13,081.80",10/30/2019,0.0600,-0.0118,-0.0233,-0.0405,0.0325
MarketAxess Holdings Inc.,"13,009.90",10/23/2019,0.0200,-0.0537,-0.0076,0.1510,-0.0617
Xylem Inc.,"12,997.70",10/31/2019,0.0000,0.0560,-0.0229,-0.0023,-0.0069
Quest Diagnostics Incorporated,"12,914.50",10/22/2019,0.0300,-0.0464,-0.0261,0.0203,0.0189
"Leidos Holdings, Inc.","12,780.10",10/29/2019,0.1400,-0.0448,0.0112,0.0027,0.0140
Seagate Technology PLC,"12,768.60",11/1/2019,0.0500,0.0381,0.0069,0.0047,-0.0298
Occidental Petroleum Corporation,"12,765.90",11/5/2019,-0.7000,0.0589,-0.1059,0.0096,-0.0204
Hewlett Packard Enterprise Co.,"12,703.10",11/26/2019,0.0700,-0.0169,-0.0073,-0.0214,-0.0393
"ONEOK, Inc.","12,697.20",10/30/2019,-0.0100,0.0197,-0.0067,-0.0097,0.0155
Fifth Third Bancorp,"12,537.30",10/22/2019,0.0100,0.0422,0.0456,-0.0318,-0.0052
Western Digital Corporation,"12,501.30",10/31/2019,0.1000,0.0262,-0.0451,-0.0164,0.0693
Alliant Energy Corp,"12,472.10",11/7/2019,0.0100,-0.0565,0.0297,-0.0199,0.0160
"Ventas, Inc.","12,427.40",10/25/2019,-0.2800,-0.0333,-0.1222,-0.0423,-0.0078
"Rollins, Inc.","12,396.60",10/23/2019,-0.2000,0.0204,-0.0269,-0.0598,-0.0628
KeyCorp,"12,346.70",10/17/2019,0.0300,0.0016,0.0127,0.0296,0.0122
"Jack Henry & Associates, Inc.","12,344.30",11/5/2019,0.1100,-0.0176,0.0216,0.0014,-0.0613
"Martin Marietta Materials, Inc.","12,331.00",10/29/2019,0.1300,-0.0123,-0.0673,0.0377,0.0107
Atmos Energy Corporation,"12,308.60",11/7/2019,0.0700,-0.0616,-0.0081,-0.0289,0.0353
Kansas City Southern,"12,269.80",10/18/2019,0.0800,0.0355,-0.0209,0.0318,-0.0110
"Conagra Brands, Inc.","12,068.10",9/26/2019,0.1100,0.0223,-0.0728,-0.0688,0.0002
"Broadridge Financial Solutions, Inc.","11,902.80",11/6/2019,-0.0200,-0.0126,0.0360,-0.0088,-0.0229
Duke Realty Corporation,"11,839.30",10/31/2019,3.7300,0.0414,-0.0248,-0.0099,-0.0371
Ulta Beauty Inc,"11,835.80",12/6/2019,0.0600,0.0034,-0.0632,0.0041,0.0556
J.M. Smucker Company,"11,751.60",11/22/2019,0.0600,-0.0346,-0.0266,-0.0530,-0.0107
Pioneer Natural Resources Company,"11,712.70",11/5/2019,0.0100,0.0605,-0.0619,0.0084,0.0916
International Flavors & Fragrances Inc.,"11,643.60",11/5/2019,0.0000,0.0229,0.0020,0.0244,-0.1514
STERIS Plc,"11,559.20",11/5/2019,0.0500,-0.0247,0.0281,0.0159,-0.0573
Jacobs Engineering Group Inc.,"11,543.40",11/25/2019,0.1200,-0.0194,-0.0404,0.0034,-0.0021
Genuine Parts Company,"11,524.40",10/17/2019,0.0200,-0.0002,0.0234,-0.0083,-0.0102
Waters Corporation,"11,466.90",10/29/2019,0.0000,0.0043,-0.0271,0.0282,0.0300
"Discovery, Inc. Class A","11,369.90",11/7/2019,0.0600,-0.0408,0.0290,-0.0179,0.0098
FMC Corporation,"11,369.40",10/30/2019,0.1600,0.0080,0.0427,0.0047,0.0021
"CarMax, Inc.","11,304.60",9/24/2019,0.0500,0.0035,0.0059,0.0704,-0.0129
DISH Network Corporation Class A,"11,292.60",11/7/2019,0.1000,-0.0644,0.0284,-0.0757,0.0549
"Expeditors International of Washington, Inc.","11,060.10",11/5/2019,0.0100,-0.0191,-0.0375,-0.0346,0.0248
Masco Corporation,"11,051.10",10/30/2019,-0.0200,0.0210,-0.0066,-0.0108,0.0009
"CenturyLink, Inc.","11,026.20",11/7/2019,-0.0600,-0.0034,-0.0088,-0.0613,-0.0850
Amcor PLC,"10,939.60",11/8/2019,-0.0600,0.0067,0.0231,0.0274,0.0226
"Freeport-McMoRan, Inc.","10,925.40",10/23/2019,1.0500,0.1305,0.0263,0.0247,0.0232
Nucor Corporation,"10,787.80",10/22/2019,0.1100,0.0189,0.0170,-0.0280,0.0203
"NVR, Inc.","10,747.20",10/18/2019,0.1100,0.0182,-0.0848,-0.0387,0.0458
"Hologic, Inc.","10,718.30",11/7/2019,0.0000,-0.0122,0.0646,0.0506,-0.0323
Hess Corporation,"10,658.10",10/30/2019,-0.0500,0.0108,0.0487,-0.1055,-0.0011
Loews Corporation,"10,650.40",10/28/2019,-0.7000,-0.0077,0.0056,-0.0107,-0.0149
Westinghouse Air Brake Technologies Corporation,"10,534.50",10/31/2019,0.0200,-0.0173,0.1117,-0.0150,-0.0530
NortonLifeLock Inc.,"10,476.70",11/8/2019,-0.5700,0.0309,-0.0192,0.0267,-0.0104
Cboe Global Markets Inc,"10,469.20",11/1/2019,0.1200,-0.0247,0.0219,-0.0013,-0.0436
Allegion PLC,"10,353.70",10/24/2019,0.1100,0.0034,-0.0118,0.0214,0.0229
"United Airlines Holdings, Inc.","10,324.70",10/16/2019,0.0300,-0.0188,0.0027,-0.0081,-0.0138
W. R. Berkley Corporation,"10,304.70",10/23/2019,0.2500,-0.0751,-0.0669,0.0016,-0.0042
ViacomCBS Inc. Class B,"10,277.00",11/12/2019,0.0400,0.0762,0.0564,-0.0806,0.1169
"Varian Medical Systems, Inc.","10,258.00",10/24/2019,-0.0100,0.0385,-0.0487,0.0459,0.0509
"Citizens Financial Group, Inc.","10,113.10",10/18/2019,0.0100,0.0168,-0.0068,0.0356,0.0086
"Raymond James Financial, Inc.","10,074.40",10/24/2019,0.0500,0.0522,0.0351,-0.0170,0.0124
IDEX Corporation,"9,971.40",10/30/2019,0.0400,0.0092,0.0185,-0.0106,0.0165
Zebra Technologies Corporation Class A,"9,938.70",10/29/2019,0.0400,0.1263,0.0093,-0.0029,0.0357
"Principal Financial Group, Inc.","9,765.20",10/25/2019,-0.1500,0.0396,-0.0098,-0.0188,-0.0345
"Expedia Group, Inc.","9,747.40",11/7/2019,-0.1100,-0.0454,-0.0433,0.1212,0.0046
Huntington Bancshares Incorporated,"9,718.30",10/24/2019,0.0200,0.0368,0.0197,-0.0261,0.0206
"Qorvo, Inc.","9,694.40",11/1/2019,0.1700,0.0105,0.0487,-0.0070,0.0916
NiSource Inc,"9,625.40",10/30/2019,-1.0000,-0.0440,-0.0567,-0.0157,0.0000
Ingersoll Rand Inc.,"9,558.30",10/29/2019,0.0900,0.0870,-0.0006,-0.0072,0.0092
Regions Financial Corporation,"9,554.80",10/22/2019,0.0000,0.0213,0.0336,-0.0555,0.0112
DaVita Inc.,"9,539.30",11/6/2019,0.2300,0.0277,0.0163,-0.0039,-0.0114
"Gartner, Inc.","9,472.40",10/31/2019,0.6200,-0.0124,0.0086,-0.0034,-0.0270
Celanese Corporation,"9,375.20",10/22/2019,0.0100,-0.0079,0.0166,-0.0046,-0.0285
"J.B. Hunt Transport Services, Inc.","9,339.10",10/16/2019,-0.0300,0.0102,-0.0015,-0.0263,-0.0196
"Lamb Weston Holdings, Inc.","9,328.00",10/2/2019,0.0100,0.0197,0.0034,0.0007,0.0255
Regency Centers Corporation,"9,285.60",10/31/2019,0.0000,-0.0006,-0.0424,-0.0265,-0.0731
Carnival Corporation,"9,262.00",9/26/2019,0.0400,-0.0244,-0.0556,0.0477,0.0002
Concho Resources Inc.,"9,219.60",10/30/2019,-0.0900,-0.0130,0.0587,0.0055,0.0789
Molson Coors Beverage Company Class B,"9,210.70",10/30/2019,-0.0200,-0.0496,-0.0361,-0.0441,0.0072
"Live Nation Entertainment, Inc.","9,192.70",11/1/2019,-0.0900,0.0157,-0.0278,0.0557,-0.1042
Pinnacle West Capital Corporation,"9,171.60",11/7/2019,-0.0700,-0.0557,-0.0130,-0.0271,0.0277
Western Union Company,"9,142.40",11/1/2019,0.0600,0.0333,-0.0064,0.0046,-0.0170
"Universal Health Services, Inc. Class B","9,115.00",10/25/2019,-0.1300,-0.0321,-0.0011,-0.0194,0.0222
"NetApp, Inc.","9,024.00",11/14/2019,0.1600,0.0493,-0.0378,0.0342,-0.0389
"Franklin Resources, Inc.","8,998.80",10/25/2019,-0.0500,0.0364,-0.0082,-0.0405,-0.0204
"DENTSPLY SIRONA, Inc.","8,959.40",11/7/2019,0.1400,-0.0022,-0.0064,0.0018,-0.0393
"Arconic, Inc.","8,945.10",11/5/2019,0.1100,0.0397,0.0349,-0.0207,-0.0113
Tractor Supply Company,"8,938.10",10/24/2019,0.0100,-0.0067,-0.0576,0.0132,-0.0076
Avery Dennison Corporation,"8,836.00",10/23/2019,0.0300,0.0512,0.0225,-0.0138,-0.0182
"Everest Re Group, Ltd.","8,696.80",10/29/2019,0.5300,-0.0392,0.0336,-0.0067,-0.0061
AES Corporation,"8,642.00",11/6/2019,0.1900,-0.0097,0.0401,0.0073,0.0109
Vornado Realty Trust,"8,447.30",10/14/2019,0.1700,-0.0251,0.0049,0.0093,-0.0487
"C.H. Robinson Worldwide, Inc.","8,413.30",10/30/2019,-0.0600,0.0468,-0.0481,0.0212,-0.0023
"Iron Mountain, Inc.","8,328.80",10/31/2019,0.0800,0.0043,-0.0062,-0.0499,-0.0261
"PulteGroup, Inc.","8,242.30",10/22/2019,0.0800,0.0156,-0.0560,0.0128,0.0018
"PerkinElmer, Inc.","8,216.50",10/31/2019,0.0500,0.0551,0.0046,0.0389,0.0065
"Henry Schein, Inc.","8,131.70",11/5/2019,0.0500,0.0204,0.0102,-0.0035,-0.0375
SVB Financial Group,"8,075.90",10/25/2019,0.0300,0.0550,0.0612,-0.0383,0.0137
Federal Realty Investment Trust,"8,060.80",10/31/2019,0.0500,0.0097,-0.0520,-0.0127,-0.0421
"Host Hotels & Resorts, Inc.","8,054.10",11/6/2019,0.0200,0.0107,-0.0452,0.0476,0.0235
E*TRADE Financial Corporation,"7,986.40",10/18/2019,0.0300,0.0646,0.0142,0.0379,-0.0082
Packaging Corporation of America,"7,984.90",10/24/2019,0.0100,0.0329,0.0148,-0.0270,0.0088
"Darden Restaurants, Inc.","7,937.00",9/19/2019,0.0200,0.0170,-0.0079,-0.0852,0.0151
"Advance Auto Parts, Inc.","7,871.70",11/12/2019,0.0200,-0.0022,-0.0104,-0.0087,-0.0055
"CenterPoint Energy, Inc.","7,809.90",11/7/2019,0.2500,-0.0521,-0.1606,0.0047,0.0497
"Wynn Resorts, Limited","7,797.10",11/7/2019,-0.8000,0.0338,-0.0637,0.0133,0.1159
Mylan N.V.,"7,768.50",11/5/2019,0.0400,0.0630,-0.0452,0.0947,-0.0266
Globe Life Inc.,"7,697.20",10/24/2019,0.0200,0.0008,-0.0004,0.0074,0.0147
LKQ Corporation,"7,648.00",10/31/2019,0.0600,-0.0096,0.0142,-0.0122,0.0139
MGM Resorts International,"7,603.20",10/31/2019,0.0400,0.0245,0.0707,0.0120,0.0155
"Hasbro, Inc.","7,531.00",10/22/2019,-0.1700,-0.0023,-0.0691,-0.0216,0.0457
Cabot Oil & Gas Corporation,"7,321.80",10/25/2019,0.1000,0.0299,-0.0477,-0.1143,-0.0265
"Huntington Ingalls Industries, Inc.","7,280.60",11/7/2019,0.0300,0.0534,-0.0057,-0.0041,-0.0158
Whirlpool Corporation,"7,234.90",10/23/2019,0.0200,-0.0004,-0.0592,-0.1002,0.0117
Albemarle Corporation,"7,223.10",10/25/2019,-0.0300,0.0366,0.0447,-0.0518,-0.0122
"NRG Energy, Inc.","7,144.90",11/7/2019,0.1800,-0.0497,-0.0278,-0.0334,0.0373
"Mohawk Industries, Inc.","6,915.00",10/25/2019,0.0400,0.0284,0.0305,-0.0839,-0.0193
Snap-on Incorporated,"6,902.60",10/17/2019,0.0100,-0.0016,0.0315,-0.0090,-0.0402
Apartment Investment & Management Co Class A,"6,858.20",11/1/2019,-0.8700,0.0022,-0.0367,-0.0340,-0.0439
"Fortune Brands Home & Security, Inc.","6,802.60",10/24/2019,-0.0300,0.0180,-0.0130,0.0095,0.0178
Royal Caribbean Cruises Ltd.,"6,757.00",10/30/2019,-0.0100,0.0201,0.0328,0.0361,0.0252
"United Rentals, Inc.","6,741.80",10/17/2019,0.0700,0.0132,0.0308,0.1199,-0.0106
A. O. Smith Corporation,"6,721.60",10/29/2019,0.0000,0.0510,0.0382,-0.0810,-0.0662
"Juniper Networks, Inc.","6,709.70",10/25/2019,0.0400,0.0156,0.0129,-0.0337,-0.0699
WestRock Company,"6,686.30",11/7/2019,0.0400,0.0018,-0.0252,0.0611,0.0117
"Interpublic Group of Companies, Inc.","6,635.70",10/22/2019,0.0500,-0.0383,0.0150,-0.0155,-0.0114
Textron Inc.,"6,629.00",10/17/2019,0.1200,0.0448,-0.0483,-0.0151,-0.0175
"ABIOMED, Inc.","6,435.90",10/31/2019,-0.7000,-0.0019,0.0439,-0.1275,-0.0826
"F5 Networks, Inc.","6,427.00",10/24/2019,0.0200,0.0187,-0.0145,-0.0408,-0.0471
Perrigo Co. Plc,"6,301.30",11/6/2019,0.1200,-0.0266,-0.0480,0.0601,0.0227
Eastman Chemical Company,"6,297.80",10/25/2019,-0.0200,0.0511,0.0756,-0.0817,-0.0117
Halliburton Company,"6,291.40",10/21/2019,0.0300,-0.0188,0.0499,-0.0583,0.0392
"Assurant, Inc.","6,253.40",11/6/2019,0.0200,-0.0273,0.0265,-0.0195,-0.0193
News Corporation Class A,"6,187.10",11/8/2019,-0.1800,-0.0615,-0.0213,0.0315,0.0348
Ralph Lauren Corporation Class A,"6,171.70",11/7/2019,0.0700,0.0145,-0.1102,0.0619,0.0419
"American Airlines Group, Inc.","6,096.90",10/24/2019,0.0200,0.0157,0.0243,-0.1026,-0.0222
Pentair plc,"6,026.60",10/23/2019,0.0500,0.0840,0.0111,-0.0061,0.0256
"CF Industries Holdings, Inc.","5,983.60",10/31/2019,-0.0800,-0.0575,0.0018,-0.0186,-0.0327
IPG Photonics Corporation,"5,950.60",10/29/2019,-0.1100,0.1221,0.1131,-0.0168,-0.0168
Coty Inc. Class A,"5,909.50",11/6/2019,0.1400,-0.0646,-0.0941,-0.0191,-0.0539
Kimco Realty Corporation,"5,708.70",10/24/2019,-0.1400,0.0090,-0.0388,0.0148,-0.0223
Lincoln National Corporation,"5,638.40",10/31/2019,-1.1000,0.0349,0.0229,-0.0133,0.0019
"People's United Financial, Inc.","5,577.90",10/18/2019,0.0300,0.0166,-0.0280,-0.0172,-0.0092
Newell Brands Inc,"5,488.60",11/1/2019,0.3200,-0.0188,-0.0602,-0.0279,-0.0654
Comerica Incorporated,"5,465.80",10/16/2019,0.0300,0.0268,-0.0035,0.0366,-0.0078
Robert Half International Inc.,"5,437.10",10/24/2019,0.0100,0.0381,-0.0257,-0.0087,0.0107
Nielsen Holdings Plc,"5,363.40",11/7/2019,0.2300,-0.0857,-0.0208,0.0122,0.0126
BorgWarner Inc.,"5,296.50",10/31/2019,0.1200,0.0042,0.0433,-0.0670,0.0320
SL Green Realty Corp.,"5,205.10",10/17/2019,0.1700,-0.0022,0.0189,0.0033,-0.0184
Xerox Holdings Corporation,"5,098.40",10/29/2019,0.2500,0.0275,0.0689,0.0063,-0.0476
Invesco Ltd.,"4,896.80",10/23/2019,0.2300,0.0059,0.0199,-0.0591,-0.0378
"Zions Bancorporation, N.A.","4,851.90",10/22/2019,0.0800,0.0278,0.0279,-0.0438,-0.0023
"Alaska Air Group, Inc.","4,664.50",10/25/2019,0.0400,0.0355,-0.0299,-0.0404,-0.0206
"Quanta Services, Inc.","4,624.40",10/31/2019,0.1000,0.0533,-0.0217,-0.0239,-0.0235
"Under Armour, Inc. Class A","4,579.60",11/4/2019,0.2500,0.0462,-0.0040,0.0529,0.1029
"Tapestry, Inc.","4,480.00",11/5/2019,0.1000,-0.0139,-0.0160,-0.0508,-0.0104
"L Brands, Inc.","4,456.80",11/21/2019,0.1500,-0.1267,0.0230,0.0184,-0.0311
"FLIR Systems, Inc.","4,313.30",10/31/2019,0.0200,0.0050,0.0113,-0.0086,-0.0169
"Diamondback Energy, Inc.","4,303.70",11/6/2019,-0.1400,0.0262,-0.0367,0.0577,0.0659
"Leggett & Platt, Incorporated","4,286.50",10/29/2019,0.1300,0.0939,0.0338,-0.0387,-0.0301
Mosaic Company,"4,170.20",11/5/2019,-0.6400,0.0714,-0.1471,-0.0219,0.1094
"Gap, Inc.","4,035.40",11/8/2019,0.0100,0.0167,0.0090,-0.0424,0.0548
Sealed Air Corporation,"3,944.10",11/6/2019,0.0300,-0.0254,-0.0447,0.0115,0.0191
"National Oilwell Varco, Inc.","3,928.90",10/29/2019,0.4000,-0.0310,-0.0674,-0.0292,0.0552
Kohl's Corporation,"3,881.30",11/19/2019,-0.1400,0.0646,-0.0149,0.0736,-0.0417
DXC Technology Co.,"3,841.30",11/12/2019,-0.0300,0.0300,0.0219,-0.0156,0.0042
PVH Corp.,"3,672.70",8/29/2019,0.1200,0.0143,0.1632,-0.0130,-0.0030
HollyFrontier Corporation,"3,668.00",10/31/2019,0.1800,0.0410,-0.0398,-0.0586,-0.0360
"Harley-Davidson, Inc.","3,624.60",10/22/2019,0.0600,0.0635,-0.0416,-0.0816,-0.0226
Marathon Oil Corporation,"3,605.20",11/7/2019,1.0700,-0.0099,-0.0601,0.0323,0.0424
Hanesbrands Inc.,"3,508.60",10/31/2019,0.0000,0.0156,-0.0179,-0.0272,-0.0540
"Noble Energy, Inc.","3,487.40",11/7/2019,-0.1000,-0.0051,0.0044,0.0366,0.0633
Flowserve Corporation,"3,366.80",10/31/2019,0.0600,0.0730,-0.0246,-0.0141,-0.0155
"H&R Block, Inc.","3,360.60",12/5/2019,-0.0700,-0.0496,-0.0255,-0.0043,0.0108
"Nordstrom, Inc.","3,359.40",11/22/2019,0.2800,-0.0825,0.0159,0.0234,0.0246
Devon Energy Corporation,"3,331.40",11/6/2019,0.6000,0.0849,-0.0178,0.0014,0.1093
TechnipFMC Plc,"3,192.00",10/24/2019,-0.7600,0.0067,-0.0342,-0.0487,-0.0479
Unum Group,"3,148.10",10/30/2019,-0.0100,-0.0096,0.0616,0.0148,0.0065
Apache Corporation,"3,044.90",10/31/2019,0.4700,-0.0376,0.0612,-0.0645,-0.0513
Macy's Inc,"2,481.30",11/21/2019,11.6300,-0.0714,0.0179,0.0507,0.0845
Norwegian Cruise Line Holdings Ltd.,"2,366.60",11/7/2019,0.0300,0.0030,0.0162,0.0093,0.0335
Alliance Data Systems Corporation,"2,358.00",10/24/2019,-0.0400,0.0155,-0.0411,-0.0457,0.0243
Capri Holdings Limited,"2,080.70",11/6/2019,-0.0700,0.0445,0.0298,0.0437,0.0133
"Helmerich & Payne, Inc.","1,906.50",11/15/2019,0.5100,0.0280,-0.0183,0.0404,0.0638